 "request_date","origin_geo_hash","time_slot", "request_count"
"29-09-2025","qxgm3u","00:00-00:30","6"
"29-09-2025","qxgm3u","00:30-01:00","1"
"29-09-2025","qr6rp6","06:30-07:00","2"
"29-09-2025","qxg0dz","06:30-07:00","2"
"29-09-2025","qxgjw6","06:30-07:00","5"
"29-09-2025","qxgm3b","06:30-07:00","2"
"29-09-2025","qqggqm","07:00-07:30","2"
"29-09-2025","qqguyj","07:00-07:30","2"
"29-09-2025","qquh2c","07:00-07:30","1"
"29-09-2025","qquj0z","07:00-07:30","1"
"29-09-2025","qxgjw6","07:00-07:30","2"
"29-09-2025","qxgm3b","07:00-07:30","14"
"29-09-2025","qqgu93","07:30-08:00","1"
"29-09-2025","qqgut0","07:30-08:00","1"
"29-09-2025","qqguyf","07:30-08:00","6"
"29-09-2025","qqu2n8","07:30-08:00","4"
"29-09-2025","qqu59s","07:30-08:00","1"
"29-09-2025","qqu7mx","07:30-08:00","1"
"29-09-2025","qquj0z","07:30-08:00","1"
"29-09-2025","qqy82d","07:30-08:00","1"
"29-09-2025","qxg0dz","07:30-08:00","8"
"29-09-2025","qxgm1q","07:30-08:00","4"
"29-09-2025","qqgfps","08:00-08:30","1"
"29-09-2025","qqggwt","08:00-08:30","1"
"29-09-2025","qqggzr","08:00-08:30","4"
"29-09-2025","qqgu93","08:00-08:30","4"
"29-09-2025","qqguk0","08:00-08:30","2"
"29-09-2025","qqgunn","08:00-08:30","2"
"29-09-2025","qqgur7","08:00-08:30","1"
"29-09-2025","qqgut7","08:00-08:30","2"
"29-09-2025","qqguvu","08:00-08:30","2"
"29-09-2025","qqguye","08:00-08:30","5"
"29-09-2025","qqguyj","08:00-08:30","2"
"29-09-2025","qqguys","08:00-08:30","2"
"29-09-2025","qqgvn8","08:00-08:30","10"
"29-09-2025","qqu7dr","08:00-08:30","3"
"29-09-2025","qqu7mx","08:00-08:30","3"
"29-09-2025","qquh5z","08:00-08:30","2"
"29-09-2025","qquhnt","08:00-08:30","12"
"29-09-2025","qqweb6","08:00-08:30","3"
"29-09-2025","qqwxbh","08:00-08:30","2"
"29-09-2025","qqy82d","08:00-08:30","3"
"29-09-2025","qw8nen","08:00-08:30","8"
"29-09-2025","qw8nj4","08:00-08:30","1"
"29-09-2025","qw8nmy","08:00-08:30","1"
"29-09-2025","qqgfps","08:30-09:00","5"
"29-09-2025","qqggzr","08:30-09:00","14"
"29-09-2025","qqgu58","08:30-09:00","1"
"29-09-2025","qqgu9v","08:30-09:00","2"
"29-09-2025","qqgumz","08:30-09:00","1"
"29-09-2025","qqgupk","08:30-09:00","2"
"29-09-2025","qqgur7","08:30-09:00","4"
"29-09-2025","qqgut8","08:30-09:00","1"
"29-09-2025","qqguwf","08:30-09:00","2"
"29-09-2025","qqguwg","08:30-09:00","1"
"29-09-2025","qqguwt","08:30-09:00","1"
"29-09-2025","qqguwv","08:30-09:00","3"
"29-09-2025","qqguyj","08:30-09:00","21"
"29-09-2025","qqguys","08:30-09:00","2"
"29-09-2025","qqguzg","08:30-09:00","1"
"29-09-2025","qqguzj","08:30-09:00","2"
"29-09-2025","qqgvhk","08:30-09:00","1"
"29-09-2025","qqgvnn","08:30-09:00","1"
"29-09-2025","qqu5yc","08:30-09:00","2"
"29-09-2025","qqu7dr","08:30-09:00","4"
"29-09-2025","qquhbp","08:30-09:00","5"
"29-09-2025","qquhfg","08:30-09:00","2"
"29-09-2025","qquj0m","08:30-09:00","1"
"29-09-2025","qqweb6","08:30-09:00","3"
"29-09-2025","qqwxbh","08:30-09:00","2"
"29-09-2025","qw8nj4","08:30-09:00","1"
"29-09-2025","qw8nmy","08:30-09:00","5"
"29-09-2025","qw8nq3","08:30-09:00","1"
"29-09-2025","qw8nte","08:30-09:00","2"
"29-09-2025","qxg0dz","08:30-09:00","4"
"29-09-2025","qxgm1q","08:30-09:00","1"
"29-09-2025","w21yrk","08:30-09:00","4"
"29-09-2025","qqggt4","09:00-09:30","2"
"29-09-2025","qqggvh","09:00-09:30","3"
"29-09-2025","qqggxx","09:00-09:30","6"
"29-09-2025","qqgmpg","09:00-09:30","7"
"29-09-2025","qqgu58","09:00-09:30","1"
"29-09-2025","qqgu5s","09:00-09:30","12"
"29-09-2025","qqguf6","09:00-09:30","2"
"29-09-2025","qqgugn","09:00-09:30","1"
"29-09-2025","qqgurq","09:00-09:30","7"
"29-09-2025","qqguwt","09:00-09:30","1"
"29-09-2025","qqgvhd","09:00-09:30","3"
"29-09-2025","qqgvhk","09:00-09:30","1"
"29-09-2025","qqgvkb","09:00-09:30","6"
"29-09-2025","qqgvnn","09:00-09:30","1"
"29-09-2025","qqgvpd","09:00-09:30","1"
"29-09-2025","qqu7mx","09:00-09:30","2"
"29-09-2025","qqu81h","09:00-09:30","1"
"29-09-2025","qqu82n","09:00-09:30","2"
"29-09-2025","qqu832","09:00-09:30","1"
"29-09-2025","qqu8dv","09:00-09:30","2"
"29-09-2025","qquh05","09:00-09:30","3"
"29-09-2025","qquh16","09:00-09:30","3"
"29-09-2025","qquh2b","09:00-09:30","2"
"29-09-2025","qquh64","09:00-09:30","3"
"29-09-2025","qquh9c","09:00-09:30","1"
"29-09-2025","qquhdy","09:00-09:30","8"
"29-09-2025","qqv5cn","09:00-09:30","3"
"29-09-2025","qqvbzc","09:00-09:30","2"
"29-09-2025","qqwv08","09:00-09:30","6"
"29-09-2025","qqwxb8","09:00-09:30","1"
"29-09-2025","qqy2pf","09:00-09:30","1"
"29-09-2025","qr6rp6","09:00-09:30","14"
"29-09-2025","qr6rqc","09:00-09:30","2"
"29-09-2025","qr6x0p","09:00-09:30","6"
"29-09-2025","qrvxxy","09:00-09:30","8"
"29-09-2025","qw8hke","09:00-09:30","14"
"29-09-2025","qw8nq3","09:00-09:30","1"
"29-09-2025","qxgjw6","09:00-09:30","2"
"29-09-2025","qxgm3b","09:00-09:30","2"
"29-09-2025","qqgfzh","09:30-10:00","1"
"29-09-2025","qqggqm","09:30-10:00","1"
"29-09-2025","qqggt4","09:30-10:00","11"
"29-09-2025","qqgmpg","09:30-10:00","6"
"29-09-2025","qqgmpk","09:30-10:00","1"
"29-09-2025","qqgsr1","09:30-10:00","1"
"29-09-2025","qqgu58","09:30-10:00","2"
"29-09-2025","qqgu93","09:30-10:00","2"
"29-09-2025","qqgun4","09:30-10:00","1"
"29-09-2025","qqgur1","09:30-10:00","1"
"29-09-2025","qqgut7","09:30-10:00","1"
"29-09-2025","qqguu4","09:30-10:00","4"
"29-09-2025","qqguvu","09:30-10:00","5"
"29-09-2025","qqguwv","09:30-10:00","1"
"29-09-2025","qqgv59","09:30-10:00","1"
"29-09-2025","qqgvkb","09:30-10:00","1"
"29-09-2025","qqgvpd","09:30-10:00","1"
"29-09-2025","qqu5f0","09:30-10:00","10"
"29-09-2025","qqu7dr","09:30-10:00","2"
"29-09-2025","qqu7mx","09:30-10:00","4"
"29-09-2025","qqu86t","09:30-10:00","5"
"29-09-2025","qqudev","09:30-10:00","2"
"29-09-2025","qquh7n","09:30-10:00","3"
"29-09-2025","qquhbp","09:30-10:00","8"
"29-09-2025","qquheq","09:30-10:00","31"
"29-09-2025","qquj0m","09:30-10:00","2"
"29-09-2025","qquj0z","09:30-10:00","2"
"29-09-2025","qqvbzc","09:30-10:00","4"
"29-09-2025","qqweb6","09:30-10:00","3"
"29-09-2025","qqwuct","09:30-10:00","1"
"29-09-2025","qqwxb8","09:30-10:00","9"
"29-09-2025","qqwxbg","09:30-10:00","2"
"29-09-2025","qr3g1m","09:30-10:00","4"
"29-09-2025","qr4c6y","09:30-10:00","1"
"29-09-2025","qr4fuk","09:30-10:00","9"
"29-09-2025","qr6rp6","09:30-10:00","1"
"29-09-2025","qr6x0p","09:30-10:00","5"
"29-09-2025","qw8hke","09:30-10:00","2"
"29-09-2025","qw8hy2","09:30-10:00","2"
"29-09-2025","qw8nj4","09:30-10:00","1"
"29-09-2025","w0whm4","09:30-10:00","1"
"29-09-2025","w21yrk","09:30-10:00","3"
"29-09-2025","qqgfqr","10:00-10:30","2"
"29-09-2025","qqgfst","10:00-10:30","5"
"29-09-2025","qqgfw1","10:00-10:30","1"
"29-09-2025","qqggt4","10:00-10:30","1"
"29-09-2025","qqggyr","10:00-10:30","6"
"29-09-2025","qqgu2n","10:00-10:30","4"
"29-09-2025","qqgu4q","10:00-10:30","1"
"29-09-2025","qqgu9v","10:00-10:30","9"
"29-09-2025","qqgujk","10:00-10:30","1"
"29-09-2025","qqgun4","10:00-10:30","1"
"29-09-2025","qqgut0","10:00-10:30","2"
"29-09-2025","qqgut8","10:00-10:30","4"
"29-09-2025","qqguux","10:00-10:30","1"
"29-09-2025","qqguvk","10:00-10:30","2"
"29-09-2025","qqguvt","10:00-10:30","2"
"29-09-2025","qqguyc","10:00-10:30","5"
"29-09-2025","qqguyf","10:00-10:30","2"
"29-09-2025","qqgv43","10:00-10:30","1"
"29-09-2025","qqgv59","10:00-10:30","3"
"29-09-2025","qqgvn8","10:00-10:30","2"
"29-09-2025","qqu2n8","10:00-10:30","5"
"29-09-2025","qqu30r","10:00-10:30","1"
"29-09-2025","qqu7bf","10:00-10:30","2"
"29-09-2025","qqu7dr","10:00-10:30","5"
"29-09-2025","qqu7mx","10:00-10:30","6"
"29-09-2025","qqu83j","10:00-10:30","4"
"29-09-2025","qqu88z","10:00-10:30","6"
"29-09-2025","qqu8dv","10:00-10:30","1"
"29-09-2025","qquh64","10:00-10:30","4"
"29-09-2025","qquhbp","10:00-10:30","37"
"29-09-2025","qquhdy","10:00-10:30","1"
"29-09-2025","qquheq","10:00-10:30","6"
"29-09-2025","qquhf3","10:00-10:30","2"
"29-09-2025","qquhnt","10:00-10:30","9"
"29-09-2025","qquk18","10:00-10:30","2"
"29-09-2025","qquk49","10:00-10:30","3"
"29-09-2025","qqv50t","10:00-10:30","2"
"29-09-2025","qqv5cn","10:00-10:30","4"
"29-09-2025","qqv8gm","10:00-10:30","9"
"29-09-2025","qqvbj8","10:00-10:30","1"
"29-09-2025","qqw7xx","10:00-10:30","6"
"29-09-2025","qqwuct","10:00-10:30","5"
"29-09-2025","qqwxb8","10:00-10:30","13"
"29-09-2025","qqy82d","10:00-10:30","1"
"29-09-2025","qr4c6y","10:00-10:30","5"
"29-09-2025","qr4cs0","10:00-10:30","3"
"29-09-2025","qr6rp6","10:00-10:30","2"
"29-09-2025","qrvxxy","10:00-10:30","1"
"29-09-2025","qw6x4k","10:00-10:30","2"
"29-09-2025","qw8hy2","10:00-10:30","2"
"29-09-2025","qw8nhq","10:00-10:30","2"
"29-09-2025","qw8nj4","10:00-10:30","2"
"29-09-2025","qw8nqr","10:00-10:30","2"
"29-09-2025","qxg159","10:00-10:30","2"
"29-09-2025","qxgm3b","10:00-10:30","2"
"29-09-2025","qxhfmb","10:00-10:30","2"
"29-09-2025","qxhftz","10:00-10:30","1"
"29-09-2025","w21yrk","10:00-10:30","1"
"29-09-2025","qqgb0x","10:30-11:00","11"
"29-09-2025","qqggqm","10:30-11:00","1"
"29-09-2025","qqggx6","10:30-11:00","3"
"29-09-2025","qqgmpg","10:30-11:00","1"
"29-09-2025","qqgsr1","10:30-11:00","1"
"29-09-2025","qqgsxx","10:30-11:00","1"
"29-09-2025","qqgu3f","10:30-11:00","1"
"29-09-2025","qqgu4q","10:30-11:00","2"
"29-09-2025","qqguhk","10:30-11:00","5"
"29-09-2025","qqguk3","10:30-11:00","3"
"29-09-2025","qqgumz","10:30-11:00","3"
"29-09-2025","qqguqb","10:30-11:00","1"
"29-09-2025","qqgur1","10:30-11:00","2"
"29-09-2025","qqgur7","10:30-11:00","6"
"29-09-2025","qqguu4","10:30-11:00","6"
"29-09-2025","qqguuc","10:30-11:00","1"
"29-09-2025","qqguut","10:30-11:00","7"
"29-09-2025","qqguux","10:30-11:00","1"
"29-09-2025","qqguvs","10:30-11:00","4"
"29-09-2025","qqguwt","10:30-11:00","1"
"29-09-2025","qqguxb","10:30-11:00","2"
"29-09-2025","qqguzj","10:30-11:00","3"
"29-09-2025","qqgvhd","10:30-11:00","1"
"29-09-2025","qqgvkh","10:30-11:00","1"
"29-09-2025","qqgvp3","10:30-11:00","1"
"29-09-2025","qqsyhq","10:30-11:00","4"
"29-09-2025","qqu1ez","10:30-11:00","4"
"29-09-2025","qqu1nn","10:30-11:00","8"
"29-09-2025","qqu5vz","10:30-11:00","3"
"29-09-2025","qqu5yc","10:30-11:00","2"
"29-09-2025","qqu7dr","10:30-11:00","5"
"29-09-2025","qqu88z","10:30-11:00","3"
"29-09-2025","qqu89b","10:30-11:00","3"
"29-09-2025","qquhbp","10:30-11:00","15"
"29-09-2025","qquhbz","10:30-11:00","2"
"29-09-2025","qquheq","10:30-11:00","2"
"29-09-2025","qquhhy","10:30-11:00","2"
"29-09-2025","qquk18","10:30-11:00","2"
"29-09-2025","qqv50t","10:30-11:00","4"
"29-09-2025","qqv5cn","10:30-11:00","2"
"29-09-2025","qqvbj8","10:30-11:00","1"
"29-09-2025","qr4c6y","10:30-11:00","5"
"29-09-2025","qr4cs0","10:30-11:00","7"
"29-09-2025","qr6rp6","10:30-11:00","3"
"29-09-2025","qrvxxy","10:30-11:00","5"
"29-09-2025","qw8hke","10:30-11:00","2"
"29-09-2025","qw8k3n","10:30-11:00","2"
"29-09-2025","qw8nhq","10:30-11:00","2"
"29-09-2025","qw8nqr","10:30-11:00","1"
"29-09-2025","qxgjw6","10:30-11:00","2"
"29-09-2025","qxgm3u","10:30-11:00","4"
"29-09-2025","qxhfmb","10:30-11:00","2"
"29-09-2025","w0whm4","10:30-11:00","1"
"29-09-2025","qqgb0x","11:00-11:30","3"
"29-09-2025","qqgfqr","11:00-11:30","2"
"29-09-2025","qqgfyk","11:00-11:30","3"
"29-09-2025","qqggqm","11:00-11:30","2"
"29-09-2025","qqggz5","11:00-11:30","3"
"29-09-2025","qqgmpg","11:00-11:30","1"
"29-09-2025","qqgsr1","11:00-11:30","7"
"29-09-2025","qqgu4q","11:00-11:30","4"
"29-09-2025","qqgu5p","11:00-11:30","3"
"29-09-2025","qqgu6r","11:00-11:30","2"
"29-09-2025","qqgucs","11:00-11:30","1"
"29-09-2025","qqguhk","11:00-11:30","1"
"29-09-2025","qqgujy","11:00-11:30","3"
"29-09-2025","qqgumz","11:00-11:30","1"
"29-09-2025","qqguq5","11:00-11:30","2"
"29-09-2025","qqguqp","11:00-11:30","1"
"29-09-2025","qqgut8","11:00-11:30","2"
"29-09-2025","qqguvs","11:00-11:30","4"
"29-09-2025","qqguvu","11:00-11:30","2"
"29-09-2025","qqguwc","11:00-11:30","7"
"29-09-2025","qqguwt","11:00-11:30","7"
"29-09-2025","qqgvp3","11:00-11:30","1"
"29-09-2025","qqgvpd","11:00-11:30","3"
"29-09-2025","qqsxbh","11:00-11:30","3"
"29-09-2025","qqsyhq","11:00-11:30","4"
"29-09-2025","qqu1nn","11:00-11:30","9"
"29-09-2025","qqu2vm","11:00-11:30","2"
"29-09-2025","qqu7bf","11:00-11:30","9"
"29-09-2025","qqu7dr","11:00-11:30","5"
"29-09-2025","qqu7t6","11:00-11:30","3"
"29-09-2025","qqu88z","11:00-11:30","2"
"29-09-2025","qquh2c","11:00-11:30","2"
"29-09-2025","qquh9c","11:00-11:30","6"
"29-09-2025","qquhbp","11:00-11:30","17"
"29-09-2025","qquhfn","11:00-11:30","4"
"29-09-2025","qquhhy","11:00-11:30","3"
"29-09-2025","qquhnt","11:00-11:30","1"
"29-09-2025","qquj02","11:00-11:30","1"
"29-09-2025","qquj0z","11:00-11:30","8"
"29-09-2025","qquk49","11:00-11:30","1"
"29-09-2025","qqv2dw","11:00-11:30","7"
"29-09-2025","qqvbxr","11:00-11:30","4"
"29-09-2025","qqvbzc","11:00-11:30","2"
"29-09-2025","qqwhp7","11:00-11:30","2"
"29-09-2025","qqwxb8","11:00-11:30","1"
"29-09-2025","qqwzsj","11:00-11:30","7"
"29-09-2025","qqy81y","11:00-11:30","2"
"29-09-2025","qqydr0","11:00-11:30","1"
"29-09-2025","qr4c6b","11:00-11:30","3"
"29-09-2025","qr4cs0","11:00-11:30","3"
"29-09-2025","qr6rp6","11:00-11:30","7"
"29-09-2025","qr6rpd","11:00-11:30","2"
"29-09-2025","qw8nj4","11:00-11:30","1"
"29-09-2025","qw8nte","11:00-11:30","1"
"29-09-2025","qxg0dz","11:00-11:30","5"
"29-09-2025","qxgjw6","11:00-11:30","2"
"29-09-2025","qqgfyk","11:30-12:00","4"
"29-09-2025","qqggt4","11:30-12:00","1"
"29-09-2025","qqggtd","11:30-12:00","2"
"29-09-2025","qqggy8","11:30-12:00","4"
"29-09-2025","qqggz5","11:30-12:00","4"
"29-09-2025","qqgu2n","11:30-12:00","6"
"29-09-2025","qqgu75","11:30-12:00","1"
"29-09-2025","qqguny","11:30-12:00","2"
"29-09-2025","qqguut","11:30-12:00","13"
"29-09-2025","qqguw6","11:30-12:00","1"
"29-09-2025","qqgv43","11:30-12:00","5"
"29-09-2025","qqgv59","11:30-12:00","6"
"29-09-2025","qqgvhk","11:30-12:00","2"
"29-09-2025","qqgvkh","11:30-12:00","8"
"29-09-2025","qqgvp9","11:30-12:00","10"
"29-09-2025","qqtttz","11:30-12:00","1"
"29-09-2025","qqu08u","11:30-12:00","1"
"29-09-2025","qqu1ez","11:30-12:00","1"
"29-09-2025","qqu2vm","11:30-12:00","2"
"29-09-2025","qqu59s","11:30-12:00","2"
"29-09-2025","qqu7bf","11:30-12:00","5"
"29-09-2025","qqu82n","11:30-12:00","1"
"29-09-2025","qqu8dv","11:30-12:00","6"
"29-09-2025","qquh05","11:30-12:00","1"
"29-09-2025","qquh7n","11:30-12:00","6"
"29-09-2025","qquhmt","11:30-12:00","5"
"29-09-2025","qquj0m","11:30-12:00","1"
"29-09-2025","qquj0z","11:30-12:00","3"
"29-09-2025","qquk49","11:30-12:00","2"
"29-09-2025","qqv1y1","11:30-12:00","3"
"29-09-2025","qqweb6","11:30-12:00","1"
"29-09-2025","qqy819","11:30-12:00","3"
"29-09-2025","qqy828","11:30-12:00","2"
"29-09-2025","qw8ntw","11:30-12:00","3"
"29-09-2025","qxgm3u","11:30-12:00","4"
"29-09-2025","w0whm4","11:30-12:00","7"
"29-09-2025","qqgfst","12:00-12:30","1"
"29-09-2025","qqgfyk","12:00-12:30","4"
"29-09-2025","qqggz5","12:00-12:30","4"
"29-09-2025","qqgmpk","12:00-12:30","2"
"29-09-2025","qqgsxx","12:00-12:30","6"
"29-09-2025","qqgu5p","12:00-12:30","1"
"29-09-2025","qqgu6h","12:00-12:30","1"
"29-09-2025","qqgu6r","12:00-12:30","2"
"29-09-2025","qqgu9v","12:00-12:30","9"
"29-09-2025","qqgucs","12:00-12:30","5"
"29-09-2025","qqguf8","12:00-12:30","6"
"29-09-2025","qqgujy","12:00-12:30","10"
"29-09-2025","qqguk0","12:00-12:30","5"
"29-09-2025","qqgunh","12:00-12:30","3"
"29-09-2025","qqguqv","12:00-12:30","1"
"29-09-2025","qqgut7","12:00-12:30","3"
"29-09-2025","qqguv3","12:00-12:30","1"
"29-09-2025","qqguvk","12:00-12:30","1"
"29-09-2025","qqguwc","12:00-12:30","3"
"29-09-2025","qqguwf","12:00-12:30","3"
"29-09-2025","qqguwt","12:00-12:30","1"
"29-09-2025","qqgux6","12:00-12:30","1"
"29-09-2025","qqguz2","12:00-12:30","2"
"29-09-2025","qqgv43","12:00-12:30","7"
"29-09-2025","qqgvkh","12:00-12:30","3"
"29-09-2025","qqgvn1","12:00-12:30","13"
"29-09-2025","qqgvn8","12:00-12:30","1"
"29-09-2025","qqgvne","12:00-12:30","2"
"29-09-2025","qqgvnm","12:00-12:30","2"
"29-09-2025","qqu30r","12:00-12:30","12"
"29-09-2025","qqu7bf","12:00-12:30","4"
"29-09-2025","qqu82n","12:00-12:30","1"
"29-09-2025","qqu832","12:00-12:30","7"
"29-09-2025","qqu88q","12:00-12:30","10"
"29-09-2025","qqu88z","12:00-12:30","4"
"29-09-2025","qqu9pg","12:00-12:30","1"
"29-09-2025","qquh5z","12:00-12:30","2"
"29-09-2025","qquhb1","12:00-12:30","2"
"29-09-2025","qquhbp","12:00-12:30","5"
"29-09-2025","qquhmt","12:00-12:30","5"
"29-09-2025","qquhsb","12:00-12:30","3"
"29-09-2025","qqvbj8","12:00-12:30","17"
"29-09-2025","qqvbxr","12:00-12:30","2"
"29-09-2025","qqvbzc","12:00-12:30","2"
"29-09-2025","qqwv08","12:00-12:30","6"
"29-09-2025","qqwxb8","12:00-12:30","2"
"29-09-2025","qqwxbh","12:00-12:30","4"
"29-09-2025","qqy80u","12:00-12:30","3"
"29-09-2025","qqy81y","12:00-12:30","5"
"29-09-2025","qqy828","12:00-12:30","4"
"29-09-2025","qqy82d","12:00-12:30","2"
"29-09-2025","qr4c6y","12:00-12:30","1"
"29-09-2025","qr4fuk","12:00-12:30","3"
"29-09-2025","qr6rpc","12:00-12:30","1"
"29-09-2025","qw8k3n","12:00-12:30","3"
"29-09-2025","qw8nen","12:00-12:30","1"
"29-09-2025","qxgjw6","12:00-12:30","4"
"29-09-2025","qxgm3b","12:00-12:30","3"
"29-09-2025","qxgm3u","12:00-12:30","2"
"29-09-2025","w204ut","12:00-12:30","1"
"29-09-2025","qqggqm","12:30-13:00","5"
"29-09-2025","qqgu58","12:30-13:00","1"
"29-09-2025","qqgud5","12:30-13:00","2"
"29-09-2025","qqguhk","12:30-13:00","1"
"29-09-2025","qqguq5","12:30-13:00","2"
"29-09-2025","qqguqv","12:30-13:00","1"
"29-09-2025","qqgut7","12:30-13:00","4"
"29-09-2025","qqgut8","12:30-13:00","2"
"29-09-2025","qqguvk","12:30-13:00","13"
"29-09-2025","qqguwc","12:30-13:00","11"
"29-09-2025","qqguwf","12:30-13:00","2"
"29-09-2025","qqguwv","12:30-13:00","6"
"29-09-2025","qqgux5","12:30-13:00","5"
"29-09-2025","qqguye","12:30-13:00","2"
"29-09-2025","qqgv43","12:30-13:00","13"
"29-09-2025","qqgvne","12:30-13:00","3"
"29-09-2025","qqgvpd","12:30-13:00","6"
"29-09-2025","qqu58z","12:30-13:00","2"
"29-09-2025","qqu5vz","12:30-13:00","3"
"29-09-2025","qqu5yc","12:30-13:00","2"
"29-09-2025","qqu5yq","12:30-13:00","3"
"29-09-2025","qqu81h","12:30-13:00","2"
"29-09-2025","qqu82n","12:30-13:00","1"
"29-09-2025","qqu85b","12:30-13:00","4"
"29-09-2025","qqu88z","12:30-13:00","2"
"29-09-2025","qqu89b","12:30-13:00","1"
"29-09-2025","qquh05","12:30-13:00","14"
"29-09-2025","qquh16","12:30-13:00","2"
"29-09-2025","qquh53","12:30-13:00","8"
"29-09-2025","qquh7n","12:30-13:00","3"
"29-09-2025","qqv8gf","12:30-13:00","4"
"29-09-2025","qqvbj8","12:30-13:00","1"
"29-09-2025","qqvbxr","12:30-13:00","3"
"29-09-2025","qqvby3","12:30-13:00","4"
"29-09-2025","qqvbze","12:30-13:00","5"
"29-09-2025","qqw7zw","12:30-13:00","1"
"29-09-2025","qqwv08","12:30-13:00","9"
"29-09-2025","qqwxb8","12:30-13:00","3"
"29-09-2025","qqwxbh","12:30-13:00","1"
"29-09-2025","qqy82d","12:30-13:00","1"
"29-09-2025","qr4c6b","12:30-13:00","6"
"29-09-2025","qr4c6y","12:30-13:00","2"
"29-09-2025","qw8hke","12:30-13:00","2"
"29-09-2025","qw8k3n","12:30-13:00","1"
"29-09-2025","qxgjw6","12:30-13:00","4"
"29-09-2025","qxgm3u","12:30-13:00","4"
"29-09-2025","qxhfmb","12:30-13:00","4"
"29-09-2025","w0whm4","12:30-13:00","4"
"29-09-2025","qpz6e8","13:00-13:30","3"
"29-09-2025","qqgftc","13:00-13:30","2"
"29-09-2025","qqggqz","13:00-13:30","2"
"29-09-2025","qqggwt","13:00-13:30","1"
"29-09-2025","qqggx5","13:00-13:30","1"
"29-09-2025","qqggx6","13:00-13:30","2"
"29-09-2025","qqgu2n","13:00-13:30","2"
"29-09-2025","qqgu4f","13:00-13:30","2"
"29-09-2025","qqgu4q","13:00-13:30","2"
"29-09-2025","qqgu5s","13:00-13:30","1"
"29-09-2025","qqgu9v","13:00-13:30","5"
"29-09-2025","qqgucs","13:00-13:30","1"
"29-09-2025","qqgud5","13:00-13:30","2"
"29-09-2025","qqgugn","13:00-13:30","15"
"29-09-2025","qqguh4","13:00-13:30","7"
"29-09-2025","qqguhk","13:00-13:30","3"
"29-09-2025","qqgukp","13:00-13:30","7"
"29-09-2025","qqgun4","13:00-13:30","1"
"29-09-2025","qqguqv","13:00-13:30","2"
"29-09-2025","qqguv3","13:00-13:30","8"
"29-09-2025","qqguvs","13:00-13:30","1"
"29-09-2025","qqguvu","13:00-13:30","2"
"29-09-2025","qqguvv","13:00-13:30","2"
"29-09-2025","qqguwt","13:00-13:30","1"
"29-09-2025","qqguwv","13:00-13:30","5"
"29-09-2025","qqguxb","13:00-13:30","1"
"29-09-2025","qqguyc","13:00-13:30","9"
"29-09-2025","qqgv43","13:00-13:30","8"
"29-09-2025","qqgvkb","13:00-13:30","7"
"29-09-2025","qqgvnu","13:00-13:30","6"
"29-09-2025","qqgvpd","13:00-13:30","8"
"29-09-2025","qqgvph","13:00-13:30","7"
"29-09-2025","qqu5d7","13:00-13:30","2"
"29-09-2025","qqu5f0","13:00-13:30","1"
"29-09-2025","qqu5yq","13:00-13:30","2"
"29-09-2025","qqu88z","13:00-13:30","5"
"29-09-2025","qquh05","13:00-13:30","6"
"29-09-2025","qquhcu","13:00-13:30","10"
"29-09-2025","qquheq","13:00-13:30","4"
"29-09-2025","qquj0m","13:00-13:30","1"
"29-09-2025","qquk49","13:00-13:30","2"
"29-09-2025","qqv5cn","13:00-13:30","3"
"29-09-2025","qqvbj8","13:00-13:30","2"
"29-09-2025","qqvbxr","13:00-13:30","2"
"29-09-2025","qqvbzc","13:00-13:30","1"
"29-09-2025","qqvbze","13:00-13:30","1"
"29-09-2025","qqy81y","13:00-13:30","4"
"29-09-2025","qr6rqc","13:00-13:30","2"
"29-09-2025","qr6x0p","13:00-13:30","2"
"29-09-2025","qw8nmy","13:00-13:30","1"
"29-09-2025","qxg0dz","13:00-13:30","1"
"29-09-2025","qxgjw6","13:00-13:30","2"
"29-09-2025","qxgm1q","13:00-13:30","2"
"29-09-2025","qxgm3b","13:00-13:30","1"
"29-09-2025","qxhfsy","13:00-13:30","2"
"29-09-2025","qxr153","13:00-13:30","2"
"29-09-2025","w0wht9","13:00-13:30","6"
"29-09-2025","qqgb0x","13:30-14:00","1"
"29-09-2025","qqgggv","13:30-14:00","15"
"29-09-2025","qqggn2","13:30-14:00","4"
"29-09-2025","qqggqz","13:30-14:00","9"
"29-09-2025","qqggrf","13:30-14:00","2"
"29-09-2025","qqggvh","13:30-14:00","1"
"29-09-2025","qqggwt","13:30-14:00","5"
"29-09-2025","qqggxx","13:30-14:00","11"
"29-09-2025","qqggz5","13:30-14:00","1"
"29-09-2025","qqgu2n","13:30-14:00","1"
"29-09-2025","qqgu93","13:30-14:00","2"
"29-09-2025","qqgurq","13:30-14:00","5"
"29-09-2025","qqgut7","13:30-14:00","1"
"29-09-2025","qqguv3","13:30-14:00","18"
"29-09-2025","qqguvk","13:30-14:00","4"
"29-09-2025","qqguvs","13:30-14:00","2"
"29-09-2025","qqguwf","13:30-14:00","1"
"29-09-2025","qqguyj","13:30-14:00","15"
"29-09-2025","qqgv43","13:30-14:00","2"
"29-09-2025","qquh4v","13:30-14:00","1"
"29-09-2025","qquh7n","13:30-14:00","2"
"29-09-2025","qquhcu","13:30-14:00","3"
"29-09-2025","qquhdy","13:30-14:00","1"
"29-09-2025","qquk1g","13:30-14:00","1"
"29-09-2025","qqv0k2","13:30-14:00","2"
"29-09-2025","qqv5cn","13:30-14:00","4"
"29-09-2025","qqv8gf","13:30-14:00","2"
"29-09-2025","qqv8gm","13:30-14:00","7"
"29-09-2025","qqvbj8","13:30-14:00","2"
"29-09-2025","qqw7xx","13:30-14:00","4"
"29-09-2025","qqwhp7","13:30-14:00","4"
"29-09-2025","qqwv08","13:30-14:00","3"
"29-09-2025","qqy2pf","13:30-14:00","9"
"29-09-2025","qqy81y","13:30-14:00","6"
"29-09-2025","qw6x4k","13:30-14:00","3"
"29-09-2025","qw84g4","13:30-14:00","4"
"29-09-2025","qw8nen","13:30-14:00","1"
"29-09-2025","qw8nj4","13:30-14:00","1"
"29-09-2025","qxgjw6","13:30-14:00","3"
"29-09-2025","qxgm3b","13:30-14:00","2"
"29-09-2025","qxgm3u","13:30-14:00","1"
"29-09-2025","qxhfmb","13:30-14:00","2"
"29-09-2025","qxhfsy","13:30-14:00","2"
"29-09-2025","qxhfwh","13:30-14:00","1"
"29-09-2025","qxr153","13:30-14:00","2"
"29-09-2025","qqgfmy","14:00-14:30","2"
"29-09-2025","qqgggv","14:00-14:30","1"
"29-09-2025","qqggny","14:00-14:30","15"
"29-09-2025","qqggqm","14:00-14:30","1"
"29-09-2025","qqggrf","14:00-14:30","3"
"29-09-2025","qqggt4","14:00-14:30","2"
"29-09-2025","qqggxx","14:00-14:30","1"
"29-09-2025","qqggyr","14:00-14:30","2"
"29-09-2025","qqgmpg","14:00-14:30","7"
"29-09-2025","qqgsr1","14:00-14:30","16"
"29-09-2025","qqgu4f","14:00-14:30","2"
"29-09-2025","qqgu4q","14:00-14:30","2"
"29-09-2025","qqgugn","14:00-14:30","6"
"29-09-2025","qqguqv","14:00-14:30","1"
"29-09-2025","qqgut7","14:00-14:30","9"
"29-09-2025","qqgut8","14:00-14:30","4"
"29-09-2025","qqguvs","14:00-14:30","2"
"29-09-2025","qqguvv","14:00-14:30","2"
"29-09-2025","qqguwt","14:00-14:30","2"
"29-09-2025","qqguwv","14:00-14:30","2"
"29-09-2025","qqguye","14:00-14:30","2"
"29-09-2025","qqguyj","14:00-14:30","4"
"29-09-2025","qqgvh1","14:00-14:30","3"
"29-09-2025","qqgvp9","14:00-14:30","1"
"29-09-2025","qqsyhq","14:00-14:30","8"
"29-09-2025","qqu7t6","14:00-14:30","13"
"29-09-2025","qqu81h","14:00-14:30","2"
"29-09-2025","qqu86t","14:00-14:30","2"
"29-09-2025","qqu88z","14:00-14:30","6"
"29-09-2025","qquh6q","14:00-14:30","5"
"29-09-2025","qquh7n","14:00-14:30","1"
"29-09-2025","qquhq8","14:00-14:30","9"
"29-09-2025","qquhsb","14:00-14:30","5"
"29-09-2025","qquk18","14:00-14:30","1"
"29-09-2025","qquk49","14:00-14:30","1"
"29-09-2025","qqvbj8","14:00-14:30","2"
"29-09-2025","qqvbze","14:00-14:30","6"
"29-09-2025","qqw7zw","14:00-14:30","1"
"29-09-2025","qqweb6","14:00-14:30","2"
"29-09-2025","qqwhp7","14:00-14:30","3"
"29-09-2025","qqwuct","14:00-14:30","2"
"29-09-2025","qqwv08","14:00-14:30","2"
"29-09-2025","qqwxbh","14:00-14:30","1"
"29-09-2025","qr4c6b","14:00-14:30","1"
"29-09-2025","qr6rpc","14:00-14:30","6"
"29-09-2025","qw8nmy","14:00-14:30","1"
"29-09-2025","qw8nqr","14:00-14:30","1"
"29-09-2025","qxg0dz","14:00-14:30","2"
"29-09-2025","qxgjw6","14:00-14:30","3"
"29-09-2025","qxgm3u","14:00-14:30","3"
"29-09-2025","qqgfmy","14:30-15:00","1"
"29-09-2025","qqgfw1","14:30-15:00","2"
"29-09-2025","qqgfyk","14:30-15:00","4"
"29-09-2025","qqggc5","14:30-15:00","1"
"29-09-2025","qqggny","14:30-15:00","15"
"29-09-2025","qqggt4","14:30-15:00","2"
"29-09-2025","qqgu4s","14:30-15:00","1"
"29-09-2025","qqguwv","14:30-15:00","11"
"29-09-2025","qqgux3","14:30-15:00","2"
"29-09-2025","qqguyd","14:30-15:00","1"
"29-09-2025","qqguyf","14:30-15:00","1"
"29-09-2025","qqguyz","14:30-15:00","2"
"29-09-2025","qqgvkh","14:30-15:00","2"
"29-09-2025","qqgvn1","14:30-15:00","2"
"29-09-2025","qqgvp9","14:30-15:00","2"
"29-09-2025","qqtttz","14:30-15:00","6"
"29-09-2025","qqu5vz","14:30-15:00","13"
"29-09-2025","qqu7dr","14:30-15:00","1"
"29-09-2025","qqu7t6","14:30-15:00","1"
"29-09-2025","qquh7n","14:30-15:00","2"
"29-09-2025","qquhfg","14:30-15:00","3"
"29-09-2025","qquhg4","14:30-15:00","1"
"29-09-2025","qquhhy","14:30-15:00","2"
"29-09-2025","qquhnt","14:30-15:00","7"
"29-09-2025","qquhsb","14:30-15:00","6"
"29-09-2025","qqv1y1","14:30-15:00","1"
"29-09-2025","qqv8gm","14:30-15:00","8"
"29-09-2025","qqvbxr","14:30-15:00","7"
"29-09-2025","qqvby3","14:30-15:00","1"
"29-09-2025","qqw7zw","14:30-15:00","3"
"29-09-2025","qqy2pp","14:30-15:00","3"
"29-09-2025","qqy81y","14:30-15:00","1"
"29-09-2025","qr3g1m","14:30-15:00","5"
"29-09-2025","qr6rpc","14:30-15:00","1"
"29-09-2025","qr6rqc","14:30-15:00","3"
"29-09-2025","qw84g4","14:30-15:00","3"
"29-09-2025","qw8nqr","14:30-15:00","4"
"29-09-2025","qw8nte","14:30-15:00","2"
"29-09-2025","qxg0dz","14:30-15:00","5"
"29-09-2025","qxgm3b","14:30-15:00","2"
"29-09-2025","qxhfsc","14:30-15:00","4"
"29-09-2025","qxhfsy","14:30-15:00","1"
"29-09-2025","w204ut","14:30-15:00","2"
"29-09-2025","qqgfst","15:00-15:30","2"
"29-09-2025","qqgfzh","15:00-15:30","2"
"29-09-2025","qqggt4","15:00-15:30","3"
"29-09-2025","qqggvh","15:00-15:30","1"
"29-09-2025","qqggw5","15:00-15:30","1"
"29-09-2025","qqggx6","15:00-15:30","1"
"29-09-2025","qqggxx","15:00-15:30","2"
"29-09-2025","qqgu9v","15:00-15:30","2"
"29-09-2025","qqgud5","15:00-15:30","2"
"29-09-2025","qqgujy","15:00-15:30","1"
"29-09-2025","qqguk9","15:00-15:30","2"
"29-09-2025","qqgukp","15:00-15:30","1"
"29-09-2025","qqgumz","15:00-15:30","3"
"29-09-2025","qqgunw","15:00-15:30","2"
"29-09-2025","qqguq5","15:00-15:30","4"
"29-09-2025","qqguqv","15:00-15:30","1"
"29-09-2025","qqgur7","15:00-15:30","5"
"29-09-2025","qqguwv","15:00-15:30","4"
"29-09-2025","qqguye","15:00-15:30","2"
"29-09-2025","qqguyp","15:00-15:30","3"
"29-09-2025","qqguyz","15:00-15:30","2"
"29-09-2025","qqgv43","15:00-15:30","5"
"29-09-2025","qqgvhd","15:00-15:30","2"
"29-09-2025","qqgvn8","15:00-15:30","2"
"29-09-2025","qqgvne","15:00-15:30","1"
"29-09-2025","qqtttz","15:00-15:30","2"
"29-09-2025","qqu30r","15:00-15:30","1"
"29-09-2025","qqu86t","15:00-15:30","4"
"29-09-2025","qquh16","15:00-15:30","2"
"29-09-2025","qquh53","15:00-15:30","2"
"29-09-2025","qquh9c","15:00-15:30","2"
"29-09-2025","qquhes","15:00-15:30","1"
"29-09-2025","qquhmt","15:00-15:30","6"
"29-09-2025","qquhsb","15:00-15:30","3"
"29-09-2025","qquk18","15:00-15:30","2"
"29-09-2025","qqwxbh","15:00-15:30","5"
"29-09-2025","qqy81y","15:00-15:30","2"
"29-09-2025","qr4c6y","15:00-15:30","1"
"29-09-2025","qr4fuk","15:00-15:30","1"
"29-09-2025","qw8nen","15:00-15:30","2"
"29-09-2025","qw8nqr","15:00-15:30","5"
"29-09-2025","qw8nte","15:00-15:30","4"
"29-09-2025","qxg0dz","15:00-15:30","2"
"29-09-2025","qxg159","15:00-15:30","7"
"29-09-2025","qxgjw6","15:00-15:30","14"
"29-09-2025","qxgm3b","15:00-15:30","5"
"29-09-2025","qxhfwh","15:00-15:30","1"
"29-09-2025","qqgfzh","15:30-16:00","8"
"29-09-2025","qqggc5","15:30-16:00","2"
"29-09-2025","qqggw5","15:30-16:00","2"
"29-09-2025","qqggzr","15:30-16:00","2"
"29-09-2025","qqgu4f","15:30-16:00","3"
"29-09-2025","qqgu9v","15:30-16:00","2"
"29-09-2025","qqgugn","15:30-16:00","1"
"29-09-2025","qqgujy","15:30-16:00","12"
"29-09-2025","qqgunw","15:30-16:00","5"
"29-09-2025","qqguny","15:30-16:00","9"
"29-09-2025","qqgur7","15:30-16:00","2"
"29-09-2025","qqguu4","15:30-16:00","2"
"29-09-2025","qqguxb","15:30-16:00","4"
"29-09-2025","qqguyz","15:30-16:00","2"
"29-09-2025","qqguzj","15:30-16:00","2"
"29-09-2025","qqguzr","15:30-16:00","2"
"29-09-2025","qqgv6v","15:30-16:00","1"
"29-09-2025","qqgvh1","15:30-16:00","6"
"29-09-2025","qqgvn1","15:30-16:00","1"
"29-09-2025","qqu2zj","15:30-16:00","6"
"29-09-2025","qqudev","15:30-16:00","2"
"29-09-2025","qquh16","15:30-16:00","5"
"29-09-2025","qquh7n","15:30-16:00","1"
"29-09-2025","qquh9c","15:30-16:00","6"
"29-09-2025","qquhmt","15:30-16:00","3"
"29-09-2025","qquhsb","15:30-16:00","2"
"29-09-2025","qqvbzc","15:30-16:00","4"
"29-09-2025","qqw7xx","15:30-16:00","1"
"29-09-2025","qqwxbh","15:30-16:00","1"
"29-09-2025","qqy80u","15:30-16:00","3"
"29-09-2025","qr3g1m","15:30-16:00","2"
"29-09-2025","qr4c6y","15:30-16:00","1"
"29-09-2025","qr6rp6","15:30-16:00","1"
"29-09-2025","qw8ntw","15:30-16:00","1"
"29-09-2025","qxg159","15:30-16:00","2"
"29-09-2025","qxgjw6","15:30-16:00","4"
"29-09-2025","qxhfsy","15:30-16:00","7"
"29-09-2025","qxhftz","15:30-16:00","3"
"29-09-2025","w0wht9","15:30-16:00","8"
"29-09-2025","qqggvh","16:00-16:30","1"
"29-09-2025","qqggx8","16:00-16:30","17"
"29-09-2025","qqggz5","16:00-16:30","5"
"29-09-2025","qqgmpk","16:00-16:30","1"
"29-09-2025","qqgu93","16:00-16:30","4"
"29-09-2025","qqguwt","16:00-16:30","2"
"29-09-2025","qqgvh1","16:00-16:30","2"
"29-09-2025","qqu83j","16:00-16:30","5"
"29-09-2025","qqu88z","16:00-16:30","1"
"29-09-2025","qquhb1","16:00-16:30","7"
"29-09-2025","qquhbz","16:00-16:30","4"
"29-09-2025","qquhdc","16:00-16:30","1"
"29-09-2025","qqv5cn","16:00-16:30","9"
"29-09-2025","qqv8gm","16:00-16:30","2"
"29-09-2025","qqvbxr","16:00-16:30","1"
"29-09-2025","qqvbzc","16:00-16:30","2"
"29-09-2025","qqw7xz","16:00-16:30","2"
"29-09-2025","qqwx27","16:00-16:30","3"
"29-09-2025","qr6rp6","16:00-16:30","12"
"29-09-2025","qw8nhq","16:00-16:30","1"
"29-09-2025","qw8nq3","16:00-16:30","7"
"29-09-2025","qxg159","16:00-16:30","2"
"29-09-2025","qxgjw6","16:00-16:30","3"
"29-09-2025","qxgm3b","16:00-16:30","11"
"29-09-2025","qxhfwh","16:00-16:30","1"
"29-09-2025","qxhfwj","16:00-16:30","8"
"29-09-2025","qqgfyk","16:30-17:00","4"
"29-09-2025","qqgfzh","16:30-17:00","1"
"29-09-2025","qqggc5","16:30-17:00","1"
"29-09-2025","qqggny","16:30-17:00","2"
"29-09-2025","qqggx8","16:30-17:00","4"
"29-09-2025","qqgu3f","16:30-17:00","1"
"29-09-2025","qqgu4f","16:30-17:00","2"
"29-09-2025","qqgvp9","16:30-17:00","2"
"29-09-2025","qqu08u","16:30-17:00","1"
"29-09-2025","qqu7bf","16:30-17:00","4"
"29-09-2025","qquh6t","16:30-17:00","1"
"29-09-2025","qquhb1","16:30-17:00","8"
"29-09-2025","qquhbp","16:30-17:00","1"
"29-09-2025","qquhnt","16:30-17:00","1"
"29-09-2025","qquj0z","16:30-17:00","1"
"29-09-2025","qqv8gf","16:30-17:00","3"
"29-09-2025","qqvbj8","16:30-17:00","1"
"29-09-2025","qqwuct","16:30-17:00","2"
"29-09-2025","qqwxbh","16:30-17:00","1"
"29-09-2025","qqwzsj","16:30-17:00","9"
"29-09-2025","qqy819","16:30-17:00","2"
"29-09-2025","qr4c6b","16:30-17:00","3"
"29-09-2025","qw8nmy","16:30-17:00","10"
"29-09-2025","qw8nq3","16:30-17:00","4"
"29-09-2025","qxg0dz","16:30-17:00","1"
"29-09-2025","qxg159","16:30-17:00","6"
"29-09-2025","qxgm3u","16:30-17:00","5"
"29-09-2025","qxhfmb","16:30-17:00","1"
"29-09-2025","qqgfqr","17:00-17:30","6"
"29-09-2025","qqgfzh","17:00-17:30","6"
"29-09-2025","qqgggv","17:00-17:30","3"
"29-09-2025","qqggtd","17:00-17:30","1"
"29-09-2025","qqggtt","17:00-17:30","1"
"29-09-2025","qqggx6","17:00-17:30","10"
"29-09-2025","qqggxx","17:00-17:30","2"
"29-09-2025","qqgsxx","17:00-17:30","3"
"29-09-2025","qqgu2n","17:00-17:30","4"
"29-09-2025","qqgu58","17:00-17:30","3"
"29-09-2025","qqgu5s","17:00-17:30","1"
"29-09-2025","qqgu6h","17:00-17:30","1"
"29-09-2025","qqgu6r","17:00-17:30","2"
"29-09-2025","qqguf6","17:00-17:30","1"
"29-09-2025","qqgujk","17:00-17:30","7"
"29-09-2025","qqgujy","17:00-17:30","2"
"29-09-2025","qqgun4","17:00-17:30","1"
"29-09-2025","qqgut0","17:00-17:30","4"
"29-09-2025","qqguw6","17:00-17:30","1"
"29-09-2025","qqguwz","17:00-17:30","2"
"29-09-2025","qqgv6v","17:00-17:30","8"
"29-09-2025","qqgvn8","17:00-17:30","1"
"29-09-2025","qqu58z","17:00-17:30","6"
"29-09-2025","qqu5vz","17:00-17:30","1"
"29-09-2025","qqu85b","17:00-17:30","2"
"29-09-2025","qqu88z","17:00-17:30","8"
"29-09-2025","qqu8dv","17:00-17:30","2"
"29-09-2025","qquhb2","17:00-17:30","1"
"29-09-2025","qquhbz","17:00-17:30","2"
"29-09-2025","qquhfn","17:00-17:30","4"
"29-09-2025","qquhfy","17:00-17:30","2"
"29-09-2025","qquhhy","17:00-17:30","1"
"29-09-2025","qquhsb","17:00-17:30","1"
"29-09-2025","qquk49","17:00-17:30","2"
"29-09-2025","qqv5cn","17:00-17:30","1"
"29-09-2025","qqvbxr","17:00-17:30","3"
"29-09-2025","qqw7xx","17:00-17:30","1"
"29-09-2025","qqwhp7","17:00-17:30","1"
"29-09-2025","qqwuct","17:00-17:30","3"
"29-09-2025","qqwxbh","17:00-17:30","2"
"29-09-2025","qqy80u","17:00-17:30","1"
"29-09-2025","qr4c6b","17:00-17:30","2"
"29-09-2025","qw8nen","17:00-17:30","3"
"29-09-2025","qw8nmy","17:00-17:30","2"
"29-09-2025","qw8nqr","17:00-17:30","1"
"29-09-2025","qw8nte","17:00-17:30","8"
"29-09-2025","qw8ntw","17:00-17:30","3"
"29-09-2025","qxgm3b","17:00-17:30","1"
"29-09-2025","qxr153","17:00-17:30","2"
"29-09-2025","w204gg","17:00-17:30","2"
"29-09-2025","w21yrk","17:00-17:30","2"
"29-09-2025","qpz6e8","17:30-18:00","3"
"29-09-2025","qqgfmy","17:30-18:00","1"
"29-09-2025","qqgfqp","17:30-18:00","2"
"29-09-2025","qqgfzh","17:30-18:00","4"
"29-09-2025","qqggny","17:30-18:00","1"
"29-09-2025","qqggtd","17:30-18:00","7"
"29-09-2025","qqgsr1","17:30-18:00","1"
"29-09-2025","qqguj8","17:30-18:00","18"
"29-09-2025","qqguut","17:30-18:00","4"
"29-09-2025","qqguzj","17:30-18:00","2"
"29-09-2025","qqguzr","17:30-18:00","2"
"29-09-2025","qqgvhk","17:30-18:00","2"
"29-09-2025","qqu2n8","17:30-18:00","1"
"29-09-2025","qqu2zj","17:30-18:00","3"
"29-09-2025","qqu81h","17:30-18:00","1"
"29-09-2025","qqu82n","17:30-18:00","3"
"29-09-2025","qqu832","17:30-18:00","1"
"29-09-2025","qqudev","17:30-18:00","1"
"29-09-2025","qquh3t","17:30-18:00","2"
"29-09-2025","qquhhy","17:30-18:00","2"
"29-09-2025","qquk18","17:30-18:00","2"
"29-09-2025","qquk49","17:30-18:00","7"
"29-09-2025","qqv1y1","17:30-18:00","3"
"29-09-2025","qqvbxr","17:30-18:00","1"
"29-09-2025","qqvbzc","17:30-18:00","1"
"29-09-2025","qqwxb8","17:30-18:00","1"
"29-09-2025","qqwzsj","17:30-18:00","1"
"29-09-2025","qr4c6y","17:30-18:00","1"
"29-09-2025","qr4cs0","17:30-18:00","2"
"29-09-2025","qr6rpc","17:30-18:00","1"
"29-09-2025","qr6x0p","17:30-18:00","4"
"29-09-2025","qw8nhq","17:30-18:00","3"
"29-09-2025","qw8nq3","17:30-18:00","2"
"29-09-2025","qw8ntw","17:30-18:00","2"
"29-09-2025","qxgm3b","17:30-18:00","2"
"29-09-2025","w21yrk","17:30-18:00","2"
"29-09-2025","w24m4p","17:30-18:00","1"
"29-09-2025","qqggqm","18:00-18:30","1"
"29-09-2025","qqggyr","18:00-18:30","6"
"29-09-2025","qqgujy","18:00-18:30","2"
"29-09-2025","qqguq5","18:00-18:30","1"
"29-09-2025","qqguux","18:00-18:30","1"
"29-09-2025","qqguz2","18:00-18:30","10"
"29-09-2025","qqguzr","18:00-18:30","9"
"29-09-2025","qqgvp9","18:00-18:30","3"
"29-09-2025","qqtttz","18:00-18:30","4"
"29-09-2025","qqu7bf","18:00-18:30","2"
"29-09-2025","qqu83j","18:00-18:30","1"
"29-09-2025","qqu86t","18:00-18:30","1"
"29-09-2025","qqu8dv","18:00-18:30","4"
"29-09-2025","qquh7n","18:00-18:30","1"
"29-09-2025","qquheq","18:00-18:30","1"
"29-09-2025","qquhes","18:00-18:30","5"
"29-09-2025","qqvbxr","18:00-18:30","4"
"29-09-2025","qqvbze","18:00-18:30","2"
"29-09-2025","qr4c6y","18:00-18:30","1"
"29-09-2025","qr6rpd","18:00-18:30","2"
"29-09-2025","qr6rpy","18:00-18:30","1"
"29-09-2025","qr6rqc","18:00-18:30","4"
"29-09-2025","qr6x0p","18:00-18:30","3"
"29-09-2025","qw8hy2","18:00-18:30","2"
"29-09-2025","qxgjw6","18:00-18:30","1"
"29-09-2025","qxhfwh","18:00-18:30","8"
"29-09-2025","w21yrk","18:00-18:30","1"
"29-09-2025","qqgfqd","18:30-19:00","2"
"29-09-2025","qqgfqp","18:30-19:00","1"
"29-09-2025","qqgfqr","18:30-19:00","1"
"29-09-2025","qqgftc","18:30-19:00","6"
"29-09-2025","qqgfyk","18:30-19:00","3"
"29-09-2025","qqggrf","18:30-19:00","2"
"29-09-2025","qqggyr","18:30-19:00","1"
"29-09-2025","qqgmpk","18:30-19:00","1"
"29-09-2025","qqgu4f","18:30-19:00","2"
"29-09-2025","qqguk3","18:30-19:00","2"
"29-09-2025","qqgupk","18:30-19:00","1"
"29-09-2025","qqguvt","18:30-19:00","1"
"29-09-2025","qqguw3","18:30-19:00","2"
"29-09-2025","qqguyc","18:30-19:00","2"
"29-09-2025","qqguz2","18:30-19:00","2"
"29-09-2025","qqsyhq","18:30-19:00","1"
"29-09-2025","qqtttz","18:30-19:00","1"
"29-09-2025","qqu1nn","18:30-19:00","1"
"29-09-2025","qqu505","18:30-19:00","3"
"29-09-2025","qqu5d7","18:30-19:00","2"
"29-09-2025","qqu5yq","18:30-19:00","2"
"29-09-2025","qqu7bf","18:30-19:00","3"
"29-09-2025","qqu832","18:30-19:00","2"
"29-09-2025","qqu85b","18:30-19:00","2"
"29-09-2025","qqu88z","18:30-19:00","3"
"29-09-2025","qquh64","18:30-19:00","7"
"29-09-2025","qquheq","18:30-19:00","2"
"29-09-2025","qquhes","18:30-19:00","15"
"29-09-2025","qquhnt","18:30-19:00","1"
"29-09-2025","qquk49","18:30-19:00","2"
"29-09-2025","qqv5cn","18:30-19:00","6"
"29-09-2025","qqvbj8","18:30-19:00","16"
"29-09-2025","qqvbxr","18:30-19:00","1"
"29-09-2025","qqvby3","18:30-19:00","5"
"29-09-2025","qqwv08","18:30-19:00","4"
"29-09-2025","qr4c6b","18:30-19:00","2"
"29-09-2025","qr4cs0","18:30-19:00","3"
"29-09-2025","qr6rpc","18:30-19:00","1"
"29-09-2025","qr6rpd","18:30-19:00","1"
"29-09-2025","qr6rqc","18:30-19:00","2"
"29-09-2025","qw8hy2","18:30-19:00","2"
"29-09-2025","qw8nen","18:30-19:00","2"
"29-09-2025","qw8nj4","18:30-19:00","2"
"29-09-2025","qw8nmy","18:30-19:00","3"
"29-09-2025","qw8nqr","18:30-19:00","2"
"29-09-2025","qxg159","18:30-19:00","19"
"29-09-2025","qxgjw6","18:30-19:00","7"
"29-09-2025","qxgm3b","18:30-19:00","1"
"29-09-2025","qxhfwh","18:30-19:00","4"
"29-09-2025","qqgggv","19:00-19:30","5"
"29-09-2025","qqgmpg","19:00-19:30","1"
"29-09-2025","qqgukp","19:00-19:30","7"
"29-09-2025","qqguq5","19:00-19:30","2"
"29-09-2025","qqguwt","19:00-19:30","1"
"29-09-2025","qqguwv","19:00-19:30","4"
"29-09-2025","qqguy3","19:00-19:30","6"
"29-09-2025","qqgv6v","19:00-19:30","1"
"29-09-2025","qqgvpd","19:00-19:30","3"
"29-09-2025","qqu09e","19:00-19:30","1"
"29-09-2025","qqu5yq","19:00-19:30","1"
"29-09-2025","qqu82n","19:00-19:30","1"
"29-09-2025","qqu85b","19:00-19:30","3"
"29-09-2025","qquh05","19:00-19:30","1"
"29-09-2025","qquh16","19:00-19:30","2"
"29-09-2025","qquhb1","19:00-19:30","4"
"29-09-2025","qquhes","19:00-19:30","3"
"29-09-2025","qquj0z","19:00-19:30","12"
"29-09-2025","qqv8gf","19:00-19:30","2"
"29-09-2025","qqv8gm","19:00-19:30","1"
"29-09-2025","qqvbj8","19:00-19:30","1"
"29-09-2025","qqw7zw","19:00-19:30","2"
"29-09-2025","qqwxbg","19:00-19:30","3"
"29-09-2025","qqwxbh","19:00-19:30","2"
"29-09-2025","qqy2pp","19:00-19:30","12"
"29-09-2025","qqy80u","19:00-19:30","2"
"29-09-2025","qqydr0","19:00-19:30","3"
"29-09-2025","qr6x0p","19:00-19:30","2"
"29-09-2025","qw8nj4","19:00-19:30","2"
"29-09-2025","qxg0dz","19:00-19:30","2"
"29-09-2025","qxg159","19:00-19:30","3"
"29-09-2025","qxgm3b","19:00-19:30","7"
"29-09-2025","qxgm3u","19:00-19:30","12"
"29-09-2025","qxr153","19:00-19:30","4"
"29-09-2025","qqggrf","19:30-20:00","2"
"29-09-2025","qqggzr","19:30-20:00","1"
"29-09-2025","qqgmpk","19:30-20:00","1"
"29-09-2025","qqgucs","19:30-20:00","6"
"29-09-2025","qqgugn","19:30-20:00","4"
"29-09-2025","qqgukp","19:30-20:00","16"
"29-09-2025","qqguq5","19:30-20:00","2"
"29-09-2025","qqguut","19:30-20:00","20"
"29-09-2025","qqgv43","19:30-20:00","5"
"29-09-2025","qqsyhq","19:30-20:00","7"
"29-09-2025","qqu2rd","19:30-20:00","5"
"29-09-2025","qqu2zj","19:30-20:00","6"
"29-09-2025","qqu30r","19:30-20:00","2"
"29-09-2025","qqu5br","19:30-20:00","1"
"29-09-2025","qqu83j","19:30-20:00","3"
"29-09-2025","qqu85b","19:30-20:00","1"
"29-09-2025","qqu86t","19:30-20:00","1"
"29-09-2025","qquh6t","19:30-20:00","8"
"29-09-2025","qquhb1","19:30-20:00","1"
"29-09-2025","qquhes","19:30-20:00","3"
"29-09-2025","qquhf3","19:30-20:00","4"
"29-09-2025","qquhnt","19:30-20:00","1"
"29-09-2025","qquhq8","19:30-20:00","3"
"29-09-2025","qquj0m","19:30-20:00","2"
"29-09-2025","qquj0z","19:30-20:00","7"
"29-09-2025","qqv5cn","19:30-20:00","2"
"29-09-2025","qqvbxr","19:30-20:00","1"
"29-09-2025","qqvby3","19:30-20:00","1"
"29-09-2025","qqw7xx","19:30-20:00","2"
"29-09-2025","qqwx27","19:30-20:00","1"
"29-09-2025","qqwxbh","19:30-20:00","6"
"29-09-2025","qqy2pp","19:30-20:00","1"
"29-09-2025","qqy82d","19:30-20:00","2"
"29-09-2025","qw8nmy","19:30-20:00","2"
"29-09-2025","qxg159","19:30-20:00","4"
"29-09-2025","qxr153","19:30-20:00","8"
"29-09-2025","qqgfmy","20:00-20:30","5"
"29-09-2025","qqggqz","20:00-20:30","3"
"29-09-2025","qqggrf","20:00-20:30","2"
"29-09-2025","qqggtd","20:00-20:30","2"
"29-09-2025","qqggtt","20:00-20:30","3"
"29-09-2025","qqggvh","20:00-20:30","17"
"29-09-2025","qqgu9v","20:00-20:30","4"
"29-09-2025","qqgucs","20:00-20:30","26"
"29-09-2025","qqguk3","20:00-20:30","1"
"29-09-2025","qqgukp","20:00-20:30","2"
"29-09-2025","qqguqv","20:00-20:30","1"
"29-09-2025","qqgut7","20:00-20:30","1"
"29-09-2025","qqguut","20:00-20:30","6"
"29-09-2025","qqguux","20:00-20:30","1"
"29-09-2025","qqguy3","20:00-20:30","1"
"29-09-2025","qqgvn8","20:00-20:30","3"
"29-09-2025","qqtttz","20:00-20:30","1"
"29-09-2025","qqu83j","20:00-20:30","6"
"29-09-2025","qquh64","20:00-20:30","2"
"29-09-2025","qquhb1","20:00-20:30","2"
"29-09-2025","qquhfg","20:00-20:30","2"
"29-09-2025","qquj0z","20:00-20:30","3"
"29-09-2025","qquk49","20:00-20:30","3"
"29-09-2025","qqv1y1","20:00-20:30","1"
"29-09-2025","qqv5cn","20:00-20:30","6"
"29-09-2025","qqvbze","20:00-20:30","1"
"29-09-2025","qqweb6","20:00-20:30","1"
"29-09-2025","qqwhp7","20:00-20:30","1"
"29-09-2025","qqwxbh","20:00-20:30","9"
"29-09-2025","qqy2pp","20:00-20:30","4"
"29-09-2025","qqy82d","20:00-20:30","2"
"29-09-2025","qr4c6b","20:00-20:30","1"
"29-09-2025","qr6x0p","20:00-20:30","2"
"29-09-2025","qw84g4","20:00-20:30","2"
"29-09-2025","qw8k3n","20:00-20:30","1"
"29-09-2025","qw8nqr","20:00-20:30","16"
"29-09-2025","qxg0dz","20:00-20:30","2"
"29-09-2025","qxgm1q","20:00-20:30","3"
"29-09-2025","qxgm3b","20:00-20:30","2"
"29-09-2025","qxgm3u","20:00-20:30","11"
"29-09-2025","qxhfwj","20:00-20:30","5"
"29-09-2025","qxr153","20:00-20:30","1"
"29-09-2025","qqgfst","20:30-21:00","1"
"29-09-2025","qqggny","20:30-21:00","7"
"29-09-2025","qqggqz","20:30-21:00","5"
"29-09-2025","qqgu3f","20:30-21:00","7"
"29-09-2025","qqgucs","20:30-21:00","7"
"29-09-2025","qqguh4","20:30-21:00","5"
"29-09-2025","qqguq5","20:30-21:00","8"
"29-09-2025","qqgv43","20:30-21:00","4"
"29-09-2025","qqgv59","20:30-21:00","1"
"29-09-2025","qqgvpd","20:30-21:00","20"
"29-09-2025","qqu2vm","20:30-21:00","2"
"29-09-2025","qqu7dr","20:30-21:00","2"
"29-09-2025","qqu82n","20:30-21:00","1"
"29-09-2025","qqu832","20:30-21:00","3"
"29-09-2025","qquh97","20:30-21:00","8"
"29-09-2025","qquhes","20:30-21:00","2"
"29-09-2025","qquhf3","20:30-21:00","1"
"29-09-2025","qquhfy","20:30-21:00","8"
"29-09-2025","qquk1g","20:30-21:00","4"
"29-09-2025","qqv8gf","20:30-21:00","6"
"29-09-2025","qqwhp7","20:30-21:00","2"
"29-09-2025","qqwxbg","20:30-21:00","3"
"29-09-2025","qqy80u","20:30-21:00","21"
"29-09-2025","qr4cs0","20:30-21:00","10"
"29-09-2025","qw84g4","20:30-21:00","1"
"29-09-2025","qxg159","20:30-21:00","2"
"29-09-2025","qxgm3b","20:30-21:00","1"
"29-09-2025","qxgm3u","20:30-21:00","1"
"29-09-2025","qqggny","21:00-21:30","6"
"29-09-2025","qqggz5","21:00-21:30","8"
"29-09-2025","qqgu6r","21:00-21:30","2"
"29-09-2025","qqgu9v","21:00-21:30","5"
"29-09-2025","qqguk9","21:00-21:30","1"
"29-09-2025","qqguvu","21:00-21:30","3"
"29-09-2025","qqguxb","21:00-21:30","3"
"29-09-2025","qqguyj","21:00-21:30","2"
"29-09-2025","qqgv43","21:00-21:30","2"
"29-09-2025","qqu5yc","21:00-21:30","3"
"29-09-2025","qqu7dr","21:00-21:30","2"
"29-09-2025","qqu83j","21:00-21:30","11"
"29-09-2025","qquh16","21:00-21:30","2"
"29-09-2025","qquh97","21:00-21:30","7"
"29-09-2025","qquk18","21:00-21:30","3"
"29-09-2025","qquk1g","21:00-21:30","2"
"29-09-2025","qqwv08","21:00-21:30","1"
"29-09-2025","qqwxbg","21:00-21:30","3"
"29-09-2025","qqwxbh","21:00-21:30","2"
"29-09-2025","qqy81y","21:00-21:30","3"
"29-09-2025","qr6rpd","21:00-21:30","1"
"29-09-2025","qxgm3u","21:00-21:30","1"
"29-09-2025","qxhftz","21:00-21:30","3"
"29-09-2025","w0whm4","21:00-21:30","10"
"29-09-2025","qqgfw1","21:30-22:00","6"
"29-09-2025","qqgfyk","21:30-22:00","1"
"29-09-2025","qqggvh","21:30-22:00","1"
"29-09-2025","qqggyr","21:30-22:00","3"
"29-09-2025","qqggz5","21:30-22:00","3"
"29-09-2025","qqgu3f","21:30-22:00","2"
"29-09-2025","qqgu6r","21:30-22:00","1"
"29-09-2025","qqguf6","21:30-22:00","1"
"29-09-2025","qqguzr","21:30-22:00","1"
"29-09-2025","qqgvpd","21:30-22:00","1"
"29-09-2025","qqu5yc","21:30-22:00","4"
"29-09-2025","qqu7bf","21:30-22:00","1"
"29-09-2025","qqu7dr","21:30-22:00","3"
"29-09-2025","qquh97","21:30-22:00","3"
"29-09-2025","qqvbj8","21:30-22:00","1"
"29-09-2025","qr4cs0","21:30-22:00","2"
"29-09-2025","qw8nq3","21:30-22:00","1"
"29-09-2025","qw8nte","21:30-22:00","2"
"29-09-2025","w0whm4","21:30-22:00","3"
"29-09-2025","qqgfmy","22:00-22:30","2"
"29-09-2025","qqgfw1","22:00-22:30","1"
"29-09-2025","qqu2rd","22:00-22:30","2"
"29-09-2025","qqwxbg","22:00-22:30","1"
"29-09-2025","qqy80u","22:00-22:30","1"
"29-09-2025","qxgm3b","22:00-22:30","8"
"29-09-2025","qqguvs","22:30-23:00","4"
"29-09-2025","qxgm3b","22:30-23:00","1"
"29-09-2025","qxgm3u","22:30-23:00","7"
"29-09-2025","qqu2rd","23:00-23:30","1"
"29-09-2025","qqu5br","23:00-23:30","2"
"29-09-2025","qxgm3u","23:00-23:30","2"
